id,review,sentiment
1,"ExpressWay Logistics' commitment to transparency gives us confidence in their services. They provide clear and upfront pricing, so we know exactly what to expect. With ExpressWay Logistics, there are no hidden fees or surprises, just reliable service at a fair price.",Positive
2,"The tracking system implemented by ExpressWay Logistics is user-friendly and intuitive, which allowed me to easily monitor the progress of my parcels from pickup to delivery.",Positive
3,ExpressWay Logistics is a lifesaver when it comes to shipping. Their prompt and professional service ensures that my packages always arrive on time and in excellent condition. What sets them apart is their attention to detail - they take the time to understand my specific needs and tailor their solutions accordingly. I highly recommend ExpressWay Logistics to anyone in need of reliable shipping services.,Positive
4,"Expressway Logistics is the worst courier service I've ever encountered. They consistently fail to meet delivery deadlines, leaving me scrambling to find alternative solutions. Their tracking system is a joke, providing inaccurate information that only adds to the frustration. If you enjoy stress and disappointment, by all means, use their services. Otherwise, steer clear.",Negative
5,"ExpressWay Logistics failed to meet my expectations. The delivery was delayed, and the customer support team was unresponsive and unhelpful when I tried to inquire about the status of my parcel.",Negative
6,"The attention to detail ExpressWay Logistics puts into packaging materials is truly remarkable. When I received my shipment, I was impressed by the sturdy and secure packaging that ensured the safety of my items during transit. Their use of high-quality materials not only protected my goods from damage but also reflected their commitment to delivering a superior shipping experience. With ExpressWay Logistics, I can trust that my packages will be handled with care from start to finish.",Positive
7,"The tracking system used by ExpressWay Logistics is too reliable, providing accurate updates on the status of my parcels throughout the delivery process.I am impressed with their efforts to provide such excellent services inspite of many challenges!",Positive
8,"ExpressWay Logistics' refusal to take responsibility for their mistakes is infuriating. Instead of owning up to errors, they deflect blame onto the customer. It's a shameless display of poor business ethics.",Negative
9,"I appreciate the attention to detail that ExpressWay Logistics puts into every aspect of their service, from packaging to delivery to customer support and the promised door to door deliveries.Overall a satisfied service!",Positive
10,"My interactions with ExpressWay Logistics have been marred by inconsistency and frustration. While their user-friendly website and diverse shipping options initially drew me in, the frequent delays in delivery have been a significant drawback. Additionally, the lack of transparency regarding pricing and fees has been concerning. Their customer service representatives are rude and impatient, their inability to provide timely resolutions to issues is disappointing. I am literally fade up by these level of services. Cannot recommend it to anyone!",Negative
11,"Kudos to ExpressWay Logistics for their outstanding service! They've been an essential partner for my business, handling all our shipping needs with professionalism and efficiency. If you're looking for a reliable logistic service provider, look no further than ExpressWay Logistics.",Positive
12,"I was initially impressed by ExpressWay Logistics' promise of reliability and affordability, but my recent encounters have been less than satisfactory. Their website is so irritating and their drivers are too harsh, the repeated delays in delivery have been frustrating. Additionally, the discovery of hidden fees within their pricing structure has left me feeling misled. In addition to these challenges, their customer service team has been inattentive and disrespectful, which has degraded the overall experience.Not at all recommend! ",Negative
13,"The delivery person was too rude and frustrated me. He was not able to deliver my courier on the promised delivery date.Also when he came to deliver after 4-5 days, he showed no apologies and told me to pick up the courier by myself,even though I paid the service charges and was promised a door to door delivery.I am not happy by this level of service and expected a good service.",Negative
14,"What sets ExpressWay Logistics apart from other logistics providers is their unwavering reliability. No matter the size or complexity of the shipment, I can always trust ExpressWay Logistics to get the job done right and deliver on time.",Positive
15,"I recently switched to ExpressWay Logistics for my shipping needs, and I couldn't be happier with the decision. Their user-friendly platform makes it easy to book shipments and track packages, saving me valuable time. What's more, their competitive rates and reliable service have helped me streamline my shipping costs and improve my bottom line. ExpressWay Logistics is the partner every business needs.",Positive
16,"Thanks to ExpressWay Logistics, I can confidently say that my shipping woes are a thing of the past. They have earned my trust and loyalty, and I look forward to partnering with them for many years to come.",Positive
17,"I recently had a challenging shipment that required delicate handling and precise timing. ExpressWay Logistics tackled it with finesse, ensuring my items arrived in perfect condition and on schedule. Their proactive communication and attention to detail gave me peace of mind throughout the process. ExpressWay Logistics doesn't just deliver packages; they deliver confidence.",Positive
18,"ExpressWay Logistics could enhance their value proposition by offering additional services beyond standard shipping. For example, providing premium packaging options, insurance coverage for high-value items, or expedited customs clearance for international shipments",Negative
19,"I've been using ExpressWay Logistics for years, but lately, their service quality has declined significantly. Late deliveries and poor communication have become the norm, making me reconsider my loyalty to this company.I am dissatisfied by this level of service provided.Cannot trust again..Overall a disappointed customer!",Negative
20,"I was deeply disappointed by the behavior of the delivery executive from Expressway Logistics. They exhibited a complete disregard for customer satisfaction, arriving late and mishandling the package upon delivery. Despite raising my concerns with Expressway Logistics, there was no acknowledgment or resolution provided.",Negative
21,"ExpressWay Logistics consistently delivers excellent service. Their website is user-friendly, their prices are competitive, and their customer service team is always helpful. Highly recommended!",Positive
22,ExpressWay Logistics is known for its prompt delivery times.It ensured that my parcels arrive well ahead of schedule.I am happy with the service.,Positive
23,"The customer support team at ExpressWay Logistics is always friendly, helpful, and eager to assist with any inquiries or concerns that arise.Must appreciate their seamless responses.",Positive
24,"The tracking system used by ExpressWay Logistics is outdated and unreliable. It often fails to provide accurate information about the status of my parcels, leaving me in the dark about their whereabouts.",Negative
25,"ExpressWay Logistics helped me navigate the customs process for an international shipment, making the process seamless and hassle-free. Their expertise in global logistics was invaluable.",Positive
26,"I wanted to express my gratitude to the team at ExpressWay Logistics for their exceptional service. My recent shipment arrived earlier than expected, and the entire process was seamless. Keep up the excellent work!",Positive
27,"ExpressWay Logistics' incompetence resulted in a major inconvenience when my package was delivered to the wrong recipient. Despite providing accurate delivery information, the package ended up in the hands of someone else, and efforts to retrieve it were unsuccessful. When I contacted customer service for assistance, I was met with apathy and a lack of urgency. Their failure to rectify the situation in a timely manner is unacceptable, and I will be avoiding their services at all costs.",Negative
28,"Planning a destination wedding is undoubtedly a daunting task, especially when it comes to coordinating transportation for guests and wedding essentials. Fortunately, ExpressWay Logistics made this aspect of our wedding planning effortless. From the beginning, they were attentive to our needs and provided valuable insights to streamline the process.",Positive
29,"ExpressWay Logistics' pricing structure is misleading and inconsistent, making it difficult to understand the true cost of shipping. Despite being quoted a certain price initially, I was later charged additional fees and surcharges without any explanation or justification. The lack of transparency and clarity from ExpressWay Logistics' billing department is concerning, and I'm disappointed by their failure to provide accurate pricing information.",Negative
30,"The tracking system used by ExpressWay Logistics is incredibly reliable, providing accurate updates on the status of my parcels throughout the delivery process.",Positive
31,"I am extremely disappointed with the service provided by ExpressWay Logistics. My parcel was delivered late and damaged, and the customer support team was unhelpful in resolving the issue and closed my support ticket without any satisfactory resolution.This was not expected !",Negative
32,"The packaging provided by ExpressWay Logistics is always secure and well-protected, and ensured that my items arrive in perfect condition.",Positive
33,"ExpressWay Logistics' customer service representatives are polite but lack the authority to resolve issues effectively. Dealing with them feels like hitting a dead end, with problems often left unresolved.",Negative
34,"I was impressed by the speed of delivery offered by ExpressWay Logistics, as my package arrived sooner than expected. The prompt service exceeded my expectations and demonstrated their commitment to timely deliveries.However, upon receiving the package, I discovered that an item was missing from the shipment. Despite contacting customer service to address the issue, I encountered difficulty in obtaining a resolution, leaving me dissatisfied with the overall experience.",Negative
35,"ExpressWay Logistics' seamless integration with e-commerce platforms makes it easy for me to manage orders, track shipments, and provide real-time updates to my customers.",Positive
36,"When I had a fragile item to ship, I was worried about it getting damaged in transit. However, ExpressWay Logistics took special care in handling and packaging the item, ensuring it arrived in perfect condition.",Positive
37,"ExpressWay Logistics consistently delivers on its promises, providing fast, efficient, and reliable courier services that exceeded my expectations.",Positive
38,"As a business owner, I rely on their services to ensure my products reach my customers in a timely and reliable manner. I've been consistently impressed by their professionalism, attention to detail, and commitment to customer satisfaction. Whether it's a small package or a large shipment, ExpressWay always delivers, quite literally! Their team goes above and beyond to accommodate my unique shipping needs, offering personalized solutions and valuable guidance every step of the way.",Positive
39,"I had a frustrating experience with ExpressWay Logistics' online tracking system, which provided inaccurate and misleading information about the status of my shipment. Despite showing that my package had been delivered, it was nowhere to be found, leaving me unsure of its whereabouts. When I contacted ExpressWay Logistics for assistance, I received conflicting information from different representatives, further adding to my confusion and frustration.",Negative
40,"Moving across the country is undoubtedly a stressful endeavor, and the logistics of it can often be overwhelming. However, with ExpressWay Logistics, the process was surprisingly smooth and stress-free. From the initial inquiry to the final delivery, their team provided unparalleled support and guidance. They meticulously planned every aspect of the move, from packing fragile items to coordinating the transportation of large furniture.",Positive
41,"ExpressWay Logistics' pricing may seem attractive at first glance, but beware of some internal hidden fees that may sometimes add up. Coupled with their reliable delivery times, it's simply not worth the hassle.But still I appreciate that my parcel got delivered safely a day after the promised window.",Positive
42,"Expressway Logistics is extremely unreliable when it comes to packaging. My recent shipment arrived with items badly damaged due to poor packaging. Despite raising the issue with customer service, there was no satisfactory resolution provided. Their lack of attention to packaging standards is concerning and reflects poorly on their overall service quality.",Negative
43,"I encountered numerous issues with ExpressWay Logistics' customer service department when trying to resolve a problem with my shipment. Despite multiple attempts to reach them by phone and email, I was met with long wait times and unhelpful responses from representatives who seemed uninformed about company policies. The lack of professionalism and accountability from ExpressWay Logistics' customer service team only exacerbated my frustration and soured my overall experience.",Negative
44,"ExpressWay Logistics' advanced analytics tools provide valuable insights into our shipping operations. We can track key metrics and identify areas for improvement, helping us optimize our logistics strategy. With ExpressWay Logistics, we have the data-driven insights we need to stay ahead of the competition.",Positive
45,"As a small business owner with unique shipping requirements, finding a logistics partner that can accommodate my specific needs is crucial. ExpressWay Logistics rose to the challenge, devising custom solutions tailored to my business model.",Positive
46,"My recent experience with ExpressWay Logistics left me thoroughly impressed. I had a highly time-sensitive shipment that required delicate handling and precise coordination. Despite the challenges, ExpressWay rose to the occasion, demonstrating an unparalleled level of professionalism and efficiency. Their team meticulously planned every aspect of the shipment, from packaging to transportation, ensuring that no detail was overlooked. ",Positive
47,"ExpressWay Logistics' delivery drivers seem to have no regard for punctuality. Despite paying for expedited shipping, my packages are consistently delayed, causing major inconvenience. It's time for them to step up their game.",Negative
48,"When planning a high-profile corporate event, logistics are often the last thing on your mind. However, they can make or break the success of the event. That's why I turned to ExpressWay Logistics for assistance with coordinating transportation and logistics for a recent conference.I am more than happy!",Positive
49,"My experience with the delivery executive from Expressway Logistics was disappointing, to say the least. They exhibited a complete lack of professionalism and failed to follow basic delivery instructions. Additionally, the package was left exposed to the elements, leading to damage upon arrival.This is unexpected and unacceptable..",Negative
50,"ExpressWay Logistics' delivery drivers have repeatedly left packages in unsafe and unsecured locations, putting them at risk of theft or damage. Despite specific instructions to leave packages in a designated area, they have ignored these requests and left them exposed to the elements or in plain view of passersby. The lack of professionalism and regard for customer property from ExpressWay Logistics' drivers is unacceptable, and I'm deeply disappointed by their disregard for basic security protocols.",Negative
51,"ExpressWay Logistics offers competitive pricing compared to other courier services, making it an attractive option for shipping needs. However,I encountered difficulties with their customer service when I needed assistance with a delivery issue. The representatives were unresponsive and seemed uninformed about the status of my package, leading to a prolonged and frustrating experience.I am not at all satisfied with such responses.I will not recommend this ",Negative
52,"ExpressWay Logistics failed to meet my expectations. The delivery was delayed, and the packaging was damaged, resulting in the loss of valuable items.I suffered a lot and will definitely not be a repeat customer.",Negative
53,The customer support team at ExpressWay Logistics was unprofessional and unhelpful when I contacted them regarding a missing parcel. I was left feeling frustrated and disappointed.,Negative
54,"ExpressWay Logistics' team of dedicated customer service representatives is always available to assist us with any questions or concerns. They are knowledgeable, friendly, and responsive, ensuring that our shipping needs are met promptly and efficiently. With ExpressWay Logistics, we know that we are in good hands.",Positive
55,The delivery executive from Expressway Logistics was a complete disappointment. They arrived late for the scheduled delivery and showed little regard for the package's fragile contents.,Negative
56,"ExpressWay Logistics offers a convenient online platform for booking shipments, and their competitive rates initially drew me in. However, the frequent delays in delivery and lack of transparency regarding additional fees have soured my experience. While their customer service representatives are polite, they often seem powerless to resolve issues effectively.This lack of care and responsibilites from the concerned teams have led me unsatisfied and irritated.I cannot trust and rely on this again.Will definitely not contact them ever for my courier deliveries!",Negative
57,"ExpressWay Logistics' incompetence led to the loss of my parcel, and their lack of accountability only added to the frustration. Despite filing a claim and providing evidence of the missing items, I received no assistance or compensation for the lost package. Their negligence and disregard for customer satisfaction are unacceptable, and I will be exploring legal options to recoup the value of the lost items.",Negative
58,"ExpressWay Logistics' delivery times are inconsistent at best. Sometimes they arrive early, but more often than not, my packages are delayed without any valid explanation. It's frustrating and unreliable.",Negative
59,"I am extremely dissatisfied with the service provided by ExpressWay Logistics. My parcel was lost in transit, and the customer support team was unresponsive when I tried to resolve the issue.The carelessnes shown to me left me disappointed and angry.",Negative
60,The customer support team at ExpressWay Logistics was unhelpful and unresponsive when I tried to inquire about the status of my parcel. I received no assistance or explanation for the delay in delivery.I will not recommend it to anyone.,Negative
61,ExpressWay Logistics is unreliable and untrustworthy. They failed to deliver my parcel on my address and the customer support team was unapologetic and unwilling to assist me in resolving the issue.I did not receive my parcel and suffered a lot..,Negative
62,"Expressway Logistics is a textbook example of how not to run a courier service. They lost my package not once, but twice, and each time they offered empty apologies with no real solutions. Their lack of accountability is staggering, leaving customers like me high and dry with no recourse. If you value your time and belongings, do yourself a favor and avoid this company like the plague.",Negative
63,"I encountered numerous issues with ExpressWay Logistics, including delayed pickups, late deliveries, no tracking updates, damaged packaging, and unhelpful customer support. I will not be using this service again.It wasted my time,efforts and money..",Negative
64,"ExpressWay Logistics promises efficient delivery, but their drivers seem careless and unprofessional. I've received damaged goods more than once, indicating a lack of proper handling procedures.",Negative
65,"I appreciated the flexibility offered by ExpressWay Logistics in terms of delivery options. Their range of delivery speeds and service levels allowed me to choose the option that best suited my needs and budget.However, I was slightly disappointed by the lack of transparency regarding few additional fees and surcharges. I selected a specific delivery option and paid minor charges at checkout, which undermined the initial affordability of the service..",Negative
66,"The lack of professionalism and accountability from ExpressWay Logistics' delivery drivers is concerning. On multiple occasions, packages were left unattended outside my door, despite explicit instructions to require a signature for delivery. This careless behavior puts packages at risk of theft or damage, and I no longer feel comfortable using their services.",Negative
67,"ExpressWay Logistics offers a wide range of shipping options, which is convenient. Despite their convenient online booking platform, frequent delays in delivery and poor communication regarding package status have left me frustrated.Their pricing structure is unclear, with hidden fees often surfacing unexpectedly.Overall they need to improve a lot in their services.",Negative
68,"I was intrigued by ExpressWay Logistics' promise of innovative shipping solutions and competitive pricing. However, my recent encounters have revealed some areas for improvement. While their website is easy to navigate ,their packaging options are limited and I've noticed a lack of flexibility in delivery options. This has made it difficult to coordinate shipments according to my schedule. Additionally, the limited availability of pickup locations has been inconvenient. I am not satisfied by their services in the area of customer convenience and accessibility.",Negative
69,"What impresses me most about ExpressWay Logistics is their commitment to continuous improvement. They are always looking for ways to enhance their services and exceed customer expectations, which is why I continue to choose them for all my shipping needs.",Positive
70,The customer support team at ExpressWay Logistics was unprofessional and unhelpful when I contacted them regarding a missing parcel. I was left feeling frustrated and disappointed as the support team communicated with me that all the items were delivered to me and blamed me for claiming for missing items.,Negative
71,"I had a terrible experience with ExpressWay Logistics. Not only was my pickup delayed, but the packaging was not done intactly, and the customer support team was unresponsive when I tried to raise the issue.",Negative
72,"As a small business owner, the safety of my products during shipping is a top priority. That's why I rely on ExpressWay Logistics to handle my parcels with care. I was impressed by the attention to detail they demonstrated when packaging my items, using high-quality materials to protect them from damage. Their team took the time to ensure that each package was properly labeled and secured, giving me peace of mind throughout the shipping process. With ExpressWay Logistics, I can trust that my products will arrive safely, allowing me to focus on growing my business.",Positive
73,"I just wanted to take a moment to thank ExpressWay Logistics for their excellent service. My recent shipment arrived earlier than expected, and everything was handled with care. I'll definitely be using their services again in the future!",Positive
74,"I had an extremely disappointing experience with ExpressWay Logistics when my package was lost in transit. Despite assurances that it would be located and delivered promptly, weeks went by with no sign of my shipment. When I tried to follow up with customer service, I was met with evasive responses and excuses. The lack of accountability and transparency from ExpressWay Logistics is unacceptable, and I will be pursuing alternative shipping options in the future.",Negative
75,"I had high hopes for ExpressWay Logistics, but they've consistently let me down. From missed delivery windows to lost packages, their incompetence knows no bounds. I'll be taking my business elsewhere.",Positive
76,"What I love most about ExpressWay Logistics is their seamless communication. Whether it's providing updates on the status of my shipment or addressing any concerns I may have, they always keep me informed every step of the way.",Positive
77,"I had a terrible experience with ExpressWay Logistics. Not only was my parcel delayed, but the customer support team was rude and unresponsive when I tried to inquire about its whereabouts and I ended up with no resolution.",Negative
78,"ExpressWay Logistics is unreliable and untrustworthy. They failed to deliver my parcel on time, and the customer support team was unapologetic and unwilling to assist me in resolving the issue.",Negative
79,"The packaging used by ExpressWay Logistics for my shipment was inadequate and resulted in damage to the contents. Despite being marked as fragile, the items were poorly packed and insufficiently protected, leading to breakage during transit. The lack of care and attention to detail from ExpressWay Logistics' staff is concerning, and I'm disappointed by their failure to ensure the safe delivery of my belongings.",Negative
80,"ExpressWay Logistics' lack of attention to detail resulted in a costly mistake with my shipment. Despite providing clear instructions for delivery, the package was sent to the wrong address, causing delays and frustration. When I contacted customer service to rectify the error, I was met with indifference and incompetence. Their failure to take responsibility for their mistake and provide a satisfactory resolution is unacceptable, and I will not be using their services again.",Negative
81,"I needed to ship perishable items internationally, and ExpressWay Logistics handled the process flawlessly. They ensured that the items were properly packaged and transported in temperature-controlled conditions.",Positive
82,"The delivery executive assigned by ExpressWay Logistics was courteous and professional during the delivery process. They tried their best to handle the package with care.Unfortunately, the package arrived with slight damage despite the delivery executive's efforts. The packaging seemed more than adequate to protect the contents during transit.",Positive
83,"While ExpressWay Logistics' drivers are punctual, their lack of attention to detail often results in damaged packages. It's frustrating to receive goods in poor condition due to negligence.",Negative
84,"At first, I was impressed by the speed and efficiency of ExpressWay Logistics' delivery service. However, upon closer inspection, I noticed that the packaging was slightly damaged and the items inside were okay . Despite their claims of reliability, I found their customer support to be responsive but unhelpful when I tried to resolve the issue. Overall, my experience with ExpressWay Logistics was not so bad!",Positive
85,"As a busy professional, I rely on efficient communication to stay on top of my responsibilities. That's why I was thrilled to discover ExpressWay Logistics' real-time notification system. From the moment I booked my shipment to its final delivery, I received timely updates on its status via email and SMS. This proactive communication allowed me to manage my schedule more effectively and ensure that I was available to receive my package. With ExpressWay Logistics, I never had to worry about missing a delivery or being left in the dark about the status of my shipment.",Positive
86,"ExpressWay Logistics' user-friendly online platform made it easy for me to schedule and track my shipment. The intuitive interface and clear instructions simplified the shipping process and provided a seamless experience.However, despite the convenience of the online platform, I encountered issues with the accuracy of the tracking information. The updates were delayed, leading to uncertainty about the status of my package and causing unnecessary anxiety.",Negative
87,"ExpressWay Logistics failed to deliver my package on the promised date, causing significant inconvenience and disruption to my plans. Despite assurances that the package would arrive on time, it was delayed without any explanation or notification from the company. The lack of transparency and communication from ExpressWay Logistics is unacceptable, and I'm deeply disappointed by their failure to uphold their end of the bargain.",Negative
88,"ExpressWay Logistics failed to deliver my parcel on time, despite promising fast and efficient service. The customer support team was unapologetic and offered no assistance in resolving the issue.",Negative
89,"ExpressWay Logistics' comprehensive tracking system provides real-time updates on the status of our shipments, giving us peace of mind throughout the shipping process. Their advanced tracking capabilities allow us to monitor shipments closely and proactively address any issues that may arise. With ExpressWay Logistics, we can trust that our packages are in good hands.",Positive
90,"ExpressWay Logistics consistently delivers parcels with speed and care, making it my top choice for courier services.",Positive
91,"ExpressWay Logistics' proactive approach to problem-solving sets them apart from other logistics providers. They anticipate potential issues and take proactive steps to mitigate them, ensuring that our shipments arrive on time and in perfect condition. With ExpressWay Logistics, we have a partner we can rely on, no matter what challenges arise.",Positive
92,"I recently used ExpressWay Logistics to ship some fragile items, and I couldn't be happier with the service. They took great care in packaging my items, and everything arrived intact. I'll definitely be recommending them to friends and family!",Positive
93,"The real-time notifications and updates provided by ExpressWay Logistics made my shipping experience incredibly smooth and stress-free. From the moment my package was picked up to its final delivery, I received regular updates on its status, including tracking information and estimated delivery times. This level of transparency gave me peace of mind, knowing exactly where my shipment was at all times. With ExpressWay Logistics, I never had to wonder about the status of my package, and that's a level of service that I truly appreciate.",Positive
94,Thumbs up to ExpressWay for their prompt responses and reliable shipping solutions. Impressed!,Positive
95,"Expressway Logistics is the worst courier service I've ever used. They lost my package and then had the audacity to blame it on me. Their customer service was beyond useless, with representatives who were rude and unprofessional. It's clear that they have no regard for their customers or their belongings. Save yourself the headache and choose a different courier.",Negative
96,"I had a question about shipping regulations for hazardous materials, and ExpressWay Logistics' knowledgeable staff provided clear and comprehensive guidance, ensuring compliance and safety.",Positive
97,"When it comes to packaging materials, ExpressWay Logistics prioritizes quality and durability. I was impressed by the sturdy packaging used to protect my items during transit. Their attention to detail in selecting the right materials for each package ensured that my goods arrived in perfect condition. With ExpressWay Logistics, I can trust that my shipments will be handled with care and arrive safely at their destination.",Positive
98,"As a small business owner, I appreciate ExpressWay Logistics' flexible shipping options. Whether I need same-day delivery or scheduled pickups, their customizable solutions cater to my unique needs and help me stay competitive in the market.",Positive
99,"My shipment with ExpressWay Logistics was mishandled during transit, resulting in significant damage to the contents. Despite the fragile stickers and special handling instructions clearly marked on the package, it arrived with visible signs of rough handling and several items were broken beyond repair. The lack of care and attention to detail from ExpressWay Logistics' staff is unacceptable, and I'm deeply disappointed by the damage caused to my belongings.",Negative
100,"I have complete confidence in the packaging provided by ExpressWay Logistics. It is sturdy, durable, and designed to withstand the rigors of transit.",Positive
101,"As a frequent traveler, I often use ExpressWay Logistics to ship luggage and personal belongings ahead of time. Their door-to-door service and reliable tracking make traveling a breeze.",Positive
102,"I had a large, bulky item to ship, and I wasn't sure if it would fit in a standard package. ExpressWay Logistics offered customized packaging solutions and delivered the item without any issues.",Positive
103,I am continually impressed by the professionalism and courtesy of the customer support team at ExpressWay Logistics. They always go above and beyond to assist me in case of any queries.,Positive
104,"I had a delicate piece of artwork to ship, and ExpressWay Logistics took extra precautions to ensure its safe transport, including custom crating and handling instructions.",Positive
105,"ExpressWay Logistics is my go-to for all my shipping needs. Whether it's a small package or a large shipment, they always deliver on time and with a smile. Thanks for the great service, ExpressWay Logistics!",Positive
106,"I had a sensitive legal document that needed to be delivered to a client across the country, and ExpressWay Logistics' secure courier service ensured that it reached its destination confidentially and on time. Their commitment to confidentiality and professionalism exceeded my expectations.",Positive
107,"ExpressWay Logistics makes shipping hassle-free.Their tracking system is top-notch, giving me peace of mind every step of the way.I highly recommend ExpressWay Logistics for all your shipping needs.",Positive
108,"ExpressWay Logistics' commitment to customer satisfaction is evident in their careful handling of parcels. I was impressed by the professionalism and attention to detail their team exhibited when loading and unloading my shipment. They took the time to inspect each package and ensure that it was properly secured for transit, minimizing the risk of damage. Their dedication to careful handling gave me confidence that my items would arrive safely, and they did not disappoint.",Positive
109,"ExpressWay Logistics' lack of attention to detail is concerning. Simple requests like fragile handling instructions are frequently ignored, resulting in damaged goods upon arrival. It's unacceptable.",Negative
110,"As a frequent traveller, I often rely on shipping services to send luggage and personal belongings ahead to my destination. However, I've had mixed experiences with other logistics providers in the past, which made me hesitant to try new ones. That changed when I decided to give ExpressWay Logistics a try for my latest trip. From the moment I contacted them, I was impressed by their professionalism and attention to detail.I am impressed by their efforts and service",Positive
111,I was promised to be updated with courier partner's contact details.Nothing happened as said and I faced difficulty finding the contact details and keep a track of my goods.I was scared if I was scammed and thought of raising a support ticket but ended up with a frustrating experience as there was no platform to do so.,Negative
112,"I had a disappointing experience with ExpressWay Logistics recently. Despite paying for expedited shipping, my package arrived several days later than promised. The lack of communication about the delay was frustrating, and when I reached out for an explanation, I received vague responses that didn't address my concerns. Overall, the experience left me feeling frustrated and let down by ExpressWay Logistics' lack of reliability.",Negative
113,"ExpressWay Logistics' dedication to safety and security gives us peace of mind when shipping valuable or sensitive items. They have robust security measures in place to protect our shipments from theft, damage, or loss. With ExpressWay Logistics, we can rest assured that our packages are in safe hands.",Positive
114,"ExpressWay Logistics seamlessly manages the complexities of international shipping, making it easy for businesses like mine to expand globally. Their expertise in navigating customs regulations and optimizing shipping routes has saved us time and money. With ExpressWay Logistics, we can confidently serve customers around the world, knowing that our shipments are in capable hands.",Positive
115,"My experience with ExpressWay Logistics was marred by constant delays and poor communication. Despite numerous assurances that my package would arrive on time, it was consistently delayed without explanation. When I tried to inquire about the status of my shipment, I was met with unhelpful responses and a complete lack of transparency.",Negative
116,"ExpressWay Logistics has been my go-to courier service for years, primarily due to their extensive network coverage and competitive pricing. However, my recent experience has left me questioning their reliability. While their user-friendly website and efficient booking process remain commendable, the repeated delays in delivery and lack of proactive communication have been disappointing.Despite these setbacks, their customer service team has always been courteous and responsive, attempting to address my concerns promptly.",Negative
117,ExpressWay Logistics' dedication to safety is commendable. They prioritize employee training and adhere to strict safety protocols to ensure the secure handling and transport of all shipments.,Positive
118,"When it comes to handling parcels, ExpressWay Logistics goes above and beyond to ensure the safety of every package. I was impressed by the care and attention to detail their team demonstrated when handling my delicate items. From the moment they received my shipment to the final delivery, they treated each package with the utmost respect and consideration. Their commitment to careful handling gave me peace of mind throughout the shipping process, knowing that my items were in safe hands.",Positive
119,"I had a last-minute change to my shipping address, and I was worried it would cause delays. However, ExpressWay Logistics quickly updated the information and ensured that my package arrived at the new location on time.",Positive
120,"Although ExpressWay Logistics boasts about their extensive network, the reality is their tracking system is unreliable. Packages often go missing without any explanation or compensation for the inconvenience caused.",Negative
121,I am too frustrated and disappointed as the charges levied by ExpressWay Logistics is not at all reasonable.They impose high taxes and duties on the courier and end up with an ineffcient delievry service.I will never be a repeat customer.I am regretting my decision of opting it ..,Negative
122,"I recently used ExpressWay Logistics to ship a wedding dress to a bride overseas, and their wedding dress shipping service exceeded my expectations. From the custom packaging to the attentive handling, ExpressWay Logistics ensured that the dress arrived in perfect condition and made a bride's dream come true.",Positive
123,"ExpressWay Logistics caught my attention with its promise of seamless shipping solutions and a comprehensive network. However, my recent experiences have revealed some significant shortcomings. Their online platform is disgusting and their tracking system is inaccurate.I've encountered repeated issues with inaccurate weight calculations that have led to unexpected charges. Moreover, the limited options for customizing shipment preferences have made it challenging to meet my requirements.I cannot rely upon it for my future requirements.It failed to meet my requirements.",Negative
124,"ExpressWay Logistics presents itself as a modern logistics solution with a focus on customer satisfaction. However, my recent experiences have highlighted some notable drawbacks. While their website offers a seamless booking experience and their packaging options are diverse, I've encountered issues with the accuracy of delivery addresses. This has led to missed deliveries and unnecessary delays, impacting my overall experience. Additionally, the limited flexibility in scheduling pickup times has been inconvenient. I cannot trust on this level of service anymore definitely.Overall,I am disappointed and irritated by the level of services offered to me inspite of paying high charges! ",Negative
125,"I encountered numerous issues with ExpressWay Logistics, including late deliveries, damaged packaging, and unhelpful customer support. I will not be using this service again.I recommend not to choose this service.Is this the service it provides?",Negative
126,"ExpressWay Logistics delivers more than just packages; they deliver peace of mind. Their transparent tracking system kept me informed every step of the way, eliminating any anxiety about the whereabouts of my shipment. Their professionalism and reliability make them the gold standard in the logistics industry. I wholeheartedly recommend ExpressWay Logistics to anyone seeking stress-free shipping solutions.",Positive
127,"ExpressWay Logistics has potential, but they need to focus on improving their operational consistency and pricing transparency to truly stand out in the industry.They are good at customer support ,resolving doubts and queries.I love their efforts in even small things such as the packaging materials which they use and also just wow their tracking accuracy updates. I am really amazed by such efforts but just they need to work upon thier delivery inconsistencies!",Positive
128,"While ExpressWay Logistics' pricing is competitive, their lack of accountability for delays and damages is disappointing. It's frustrating to pay for a service that fails to deliver on its promises consistently.",Negative
129,"I had a question about shipping regulations for restricted items, and ExpressWay Logistics' compliance experts provided clear and accurate guidance. Their knowledge of regulatory requirements saved me time and potential headaches.",Positive
130,"What I appreciate most about ExpressWay Logistics is their transparency. They provide clear and accurate information every step of the way, giving me peace of mind knowing that my shipments are in good hands.",Positive
131,"I am extremely disappointed with the service provided by ExpressWay Logistics. My parcel was delivered late, and the packaging was damaged, resulting in the loss of valuable items.",Negative
